1spin,2spin,3spin,4spin,5spin
2.065325433115215,7.22386112539976,25.536905116745647,80.56993804570249,238.48802728506536
2.2120248527459196,6.77530170818012,25.047865161207547,80.29419568098939,240.86431396653256
0.8826816483881691,7.7387807163340065,25.599967981788215,81.52247274427262,239.8369547689564
1.5016858921548928,7.323769767555847,23.205649321009407,81.69470452579603,241.72519127741256
1.1154654907455561,7.899656466875767,26.134155446302902,80.06159676562075,242.14631131856578
1.7063945613021694,7.637727222997682,25.308106903921015,81.06587970304078,242.05354861052882
1.774844713834999,7.506245811683642,25.67945883227695,81.03636572036416,241.40768008894935
1.238101962421671,6.663897459234465,26.220066042167897,78.761503222032,240.93427515191087
2.044864203858607,7.793155078006947,26.05757596193103,77.43923199782894,242.25498853532565
1.5591948333901866,7.121430207714738,26.27281380236453,78.78192857252672,241.56561879559888
1.8831424637338625,8.023711176298768,26.22646093728265,79.70847376905826,241.01870220797989
0.635366089375412,7.491087019457452,26.54631247540227,80.98766716952318,241.35452897474045
2.2919216677793126,7.866343572440127,24.977865237766434,80.18309441281984,242.10238968195407
1.6683405523720052,6.048689093959423,26.389110124067663,80.9148640470732,240.89357779647895
2.21972006806176,8.124865693971802,24.726164501856477,80.54821779143349,239.9305521597688
0.3956219032010426,6.832558781376128,25.309889621198163,81.09039665011912,241.14237446746367
2.1526216276816452,7.165866828311333,25.004922819835183,79.62519201295459,239.5861489363305
2.105436814856694,7.961780430279194,24.670875585571075,81.15103737972613,241.07085599253477
1.98156588085692,7.928199045579372,24.35145818572597,81.7569191392008,240.9300964279594
1.7943529041966206,7.908239965062953,26.370123092403293,79.80495492488281,240.60156903213706
1.4527484744076689,7.31732650772791,25.85135570142646,78.68563714010989,241.92106575432373
2.0084036387446433,7.942831633673291,25.952299606459842,81.14207983359715,241.27618455176224
0.8615677686815062,7.395345734872722,25.285538399324917,79.04643844191293,241.45421923111178
2.279198895774499,7.782288551604145,24.56368531559268,81.69846307892216,240.48036865927494
1.6991870738962713,6.543170788745079,23.077508071999496,80.32389509199889,241.48302060629604
1.9095191537168597,7.552899269209812,26.511568308899147,80.69264532552346,240.6921556535178
0.1371016444888015,7.096068621204702,25.720491562686608,80.30787083509321,240.29900670576635
2.1272692220150025,7.129362461283515,26.140866738111068,80.507895991268,240.5438930684085
1.3430851250780227,7.777053865085367,25.895946778188566,79.94436667668914,239.5522832872099
0.7363284333011562,6.12355548941529,24.80952356325844,81.36960717254625,242.16498896329884
1.393857231365504,7.333410224266794,25.47920725898375,80.2643269619147,240.268579820337
2.292835845135436,7.5527324148602295,25.721550075574704,81.3422840702125,240.83921350697756
1.9125508089368946,7.206776198655181,25.258276538440196,80.51698185238973,240.2165167520715
1.0498797936783482,7.6815684874167856,25.9919344284201,79.6725340359298,241.13918312223666
1.7346984497283582,7.4263260128305,27.14535720000252,80.40297253923926,242.07639959770492
1.61795021516847,7.770979645739555,25.03178491349657,80.67595762204947,240.7800408643825
1.648831736414302,7.336700732291087,26.51255569123373,81.38459509064906,240.53243685287956
2.0730038349868893,7.720463786467975,26.120794641045112,81.3668463960038,240.3822675324161
1.4100348828995948,7.433168785538099,25.352504738875197,81.22090157896167,240.63130478155816
1.533128651543796,8.12472768876506,25.368533036665816,79.57406011837155,241.56016533973747
1.4690215020832884,7.924138172459482,25.96295822637193,80.61451069953401,239.53217367257997
1.5841035682209967,8.065802662508942,24.72853015154434,78.66294612300825,239.49486520838153
1.9889721721037712,7.336264495738825,25.87552062880783,80.78734135232214,241.1835465934164
1.6218034995761963,5.338151182094985,25.544977166279338,80.9207549875414,240.77468344665266
2.1233089759170194,7.475348937210199,24.503539800387994,80.4421824380683,238.80538123975612
1.8281049276002772,6.775152472811376,26.012596305571627,77.86264942017837,241.2607031278514
1.1233648375001146,7.4798543211451,24.70264842259826,80.76121967802587,239.46904127419904
1.3972383357388938,5.559434506206807,25.866165423087732,80.78180623506573,240.95030361181395
2.1414999975889177,7.354839002377327,25.683201680963926,81.14629488071,241.91395078095198
2.0002621632172852,5.704558872947162,24.565791445175275,79.37045403474626,241.0098943844142
1.3735705647836232,7.808093469341027,26.05696532363778,80.72574756667383,239.54541659963976
1.9394423441870643,6.180834905716943,24.97362565271128,80.9396123692191,240.150725919837
1.3594058732128507,7.083827533845255,25.31245656964806,80.45993902514681,241.24048681616475
1.8881500796420547,7.884407980785374,26.013816266508016,80.61827053346161,242.62463942801847
2.210980536411067,8.002546447760308,25.3105030270428,79.77992004426652,240.79514552776317
1.4803469400235316,7.916586618777666,26.304086571002745,81.61411555183842,241.41507857873125
1.79009064619852,7.451294910232434,25.773141777173453,79.64480578313096,240.3865998305244
2.0013731958272425,7.4020484611759825,25.944154049588228,79.72520390717231,241.6377451605137
1.3285658356144339,7.102879050784741,25.173905186816196,80.74403340919697,241.57332947905627
1.9841565376781096,6.295424851083239,26.125147769573154,79.33631767921182,241.25631299028063
1.820720750973623,8.178670425307812,24.509275929279244,80.39751274405958,241.0578661011866
1.7866714761937432,7.575286422055354,25.26583710423063,80.05452986497131,241.481594797629
2.0815352724519185,7.375846047998007,25.464255900397266,80.67737355024995,240.23029878482788
2.1887827160729385,4.440366600214506,25.799286713559425,80.86963106524168,242.12428768119224
2.2603627147791427,7.681719067712644,25.52476982066732,74.81271393519363,240.5686017681949
1.9693444659637789,7.627803035335043,24.90257151506726,80.23728729590063,240.00197546278523
0.3537241217554493,6.490067020418958,25.838055023887307,79.91140720390081,239.92621963014187
0.5677065028650735,7.769920645591987,25.329982454641385,81.10919059528987,240.85517786189942
1.1277942338359257,5.970105863127362,25.361321658327583,79.36802135229796,241.5671810979889
0.6911689474900256,7.223096285892642,26.078478783316466,81.37104204357057,239.91864983511223
1.7970187352711118,7.906389039319232,24.9347551180278,80.5812002842628,241.02729419328776
0.3131064501697107,8.080167948720836,26.080525509702237,80.6221062993177,241.61673915694786
1.0536811947978844,7.983641004281645,26.561771244704072,81.02376025241485,241.0881040394545
2.3060939989674147,6.769784913120043,26.417494011248614,81.12799524439313,242.4932369886699
1.9362665040740101,7.736828607224663,25.708977149327456,80.68566261118654,240.8558289500086
2.309395294366271,7.77191859307593,25.863283015513833,80.37788932858979,240.96141129134503
1.9911603088159202,7.853172837818102,25.377441968943426,80.76439740365852,242.14877511396156
1.1271043703507246,7.432272833327124,25.652250437488423,79.52522018122657,240.5636505472989
2.2949430396835444,8.084860847171134,26.187257573832703,81.44616283465822,240.91828662151894
0.7470049765043485,7.205640988112203,25.570567621840496,80.77421177439467,240.77394430718678
2.0262943351267255,6.557642404422084,26.03990936951424,80.4676191280435,241.32219799108546
1.7678991551319285,7.999879257391526,26.773077606939236,81.31766722697922,239.1226361100828
1.620768472748953,8.29996041563846,25.89440387642722,81.17954910453889,241.10641397929433
2.142135100290597,7.785825004369183,25.384172580904064,82.00678555610224,242.06614583351376
2.0114860668932972,7.565869722888641,25.376519999179298,79.11530171178956,241.18178875780401
1.602458184857004,7.674866425327884,25.623886270247542,81.16256646171722,241.07783921238018
2.288225881466464,7.690095158578794,26.367358259324035,80.87833401670649,241.2649757458266
1.8756184382372985,6.333001136379131,24.18078622724215,81.21968306910202,240.2799354132008
1.7666794214268657,8.01551003050784,26.049997014736682,81.18295299625825,240.38762366854647
1.4769023304161741,7.220458297287707,26.011081399263933,80.89981679902529,241.09208568235178
1.856123651077809,7.205600998491937,25.25360918855927,80.06601318537496,240.6804606322319
2.120030906367498,7.415316679033614,26.124117156135597,77.3266986984683,240.57893961778026
1.6225172007720714,6.176720255782194,25.62087251332165,80.91493128206048,240.48364383222446
2.1332377521008046,8.070485213456289,25.912005140893758,79.34060292133245,242.38656823400774
1.505892755687304,7.711851253188303,25.810156786067353,80.03679397152021,241.16016358732685
1.9859045355359766,7.2886229536294325,25.722715344509965,81.09686644691452,239.91853251493976
2.2818433010002575,7.8059895675382975,22.992084781213986,80.98625142838489,242.08598950677225
2.187164764941967,8.103474658321176,25.423886612838118,79.79918497911278,240.9758516186473
2.288886048256353,7.125229095147009,22.857302248514138,79.30182338216056,241.87252293796166
1.3995843472585205,7.402975133966,26.13107635690556,81.28306398427786,241.10107685936288
2.2747428188349357,7.996053881490023,26.220531451170306,80.91367067412368,241.52616525788923
2.1646212912207705,6.643526043782364,25.6836738245569,80.53742268684161,240.53025032450634
2.0228432413175095,7.951607644884783,25.0609082856902,79.19864672391367,241.28707622479212
1.7146366200293142,8.169167249518821,24.746558567115436,80.8849134987356,240.3663875406058
1.7407695824964589,6.708296868207293,24.818061375135386,80.08329238099876,241.91183488038735
1.9938864133586487,7.988151447246769,25.748825622824505,78.40592173646318,240.42290324278568
1.9369503001280244,8.038540968181016,25.902361760246958,78.14319002658677,240.17182745105094
1.2634307020099858,8.093548109060222,25.394917174078216,81.15263786316855,240.65511007478798
2.0114126943317645,7.611026151840812,26.614281878211962,80.8570139659359,241.57736581389807
1.5441927577828811,6.218456044139068,25.902535306343037,80.95714054931584,241.16040640415497
2.0652608756990354,7.163516707325978,24.87563227388667,80.57294083365878,240.024169348706
2.0164913466256853,7.684513811940716,25.475399902504947,79.48394270270727,237.79187758266366
2.286359798713344,7.8535491086373455,25.92115950036442,79.95694646861428,241.0551171754711
2.063031112313744,8.09756106493606,25.032234006271196,80.94786130982428,241.39920998453704
1.8755920441994387,7.973447833891234,25.823768604680925,81.45465101873134,240.45176137850657
1.9794432744327586,6.895300948023551,26.385299866119986,81.4904836170831,241.18680949208266
2.1049378841984243,7.828899141030418,26.374612515971695,80.91467114779408,240.76424233778664
2.058436171543845,8.057236261677097,25.47256195060997,81.01837345314898,240.0433152142359
1.374400515549268,5.628796868419615,25.819505597867682,81.47413709506706,241.8097851021167
1.9631989699420556,6.374752672247113,25.195114261902322,81.35390100673578,239.7370351699116
1.4893789167453175,5.500079574983501,24.103738044499764,80.42620995595851,240.42643092601867
0.4689414488481994,7.578072842340528,20.900004165083793,80.73775047067363,240.8073157867695
1.1555109581339131,7.644758627675516,26.136902790905353,80.74793662618353,240.79368672572696
2.307447963993669,5.887721364466808,26.504955126351618,77.7667839483684,241.95265034245216
1.4373155426216628,7.16683122381914,26.451735658814584,81.48923817045153,241.1930232311036
1.928046587361599,8.070234055368912,25.409370265581575,79.87119056073288,240.73235306181718
1.9152745213039204,8.204379978662164,23.284421689626605,79.93669701777662,241.14169240301078
1.1760003066387366,4.45797455219499,26.320976786713643,80.9444819210611,241.8828566517878
0.8618112334583585,7.873190344061742,25.835430112654887,79.46662798626436,239.94423787919965
1.7802077825251705,7.569118667741412,24.714461313890673,80.05870609485228,242.37328367918903
2.090243768313912,7.770083373681642,25.728101360490683,80.39176257617703,240.54908448692433
1.1002010275797938,6.561894482195743,25.670554956878068,80.60406871460795,241.6795658225803
1.8004862768734144,6.868572311814411,26.132658811355356,80.87067229202569,241.96464544599917
2.1069955092704764,7.665031999815043,26.456422032214874,81.14093317700807,241.78338572865718
1.7661513656816465,7.351412832368347,25.302930143878985,80.34493875521004,242.5794773191482
1.8801305585901498,7.764943587066018,26.582339476537594,77.16597526761228,241.24608097474837
1.7249558805306329,7.893117899130744,26.028318075468615,79.78101187791295,241.37235776421142
2.1625616377356636,6.883902114719011,26.254357991947,81.02791540740323,241.62923670456283
1.6148096613287675,8.36984089653068,24.980630300346597,81.84841055415133,240.89420577636963
1.1368287947408326,4.75668341286621,25.60246339687313,81.1120940622591,241.68780486069602
1.749921902653801,8.116106256831316,25.99026155957301,81.16013364870916,241.4823261217528
2.2850487415112264,7.840184843070595,26.04289124738407,80.6207672061947,241.28335691648877
2.1303141329761153,8.110151540664743,26.163520774465432,80.45147251384874,239.19892962733329
2.2006794551484106,7.942092241591305,26.009285539383573,81.2192795845713,241.5053497135789
2.0056751596547047,7.4846577903834435,26.191441979226752,81.2172698631841,239.13652897620258
0.6287527267910569,6.350694552924021,23.84128477924843,80.60682582852311,241.047479825131
2.2172646135456158,7.550679263804283,25.89102127441751,80.80352043939853,241.0627454808519
1.5361497830288395,7.693627467805253,25.9948093852789,79.81192466068126,241.00903451143265
1.5277478585327504,7.67301714297327,25.547244430141127,81.23869856700368,241.4736921370079
2.2670278395341583,7.6211449528446185,24.233054254393892,80.1616601538869,240.20093630458513
0.8574170797960675,7.849112485427724,25.929953196036514,81.03437685964433,241.5483089863492
1.7780804968925188,8.043528705459732,25.264239206293983,80.47919179323101,241.18684812812424
0.29970448512827036,6.528965714270354,23.702299834692717,81.16240172260376,240.12432221497585
2.0310541935778845,7.099645809350356,24.898173113806475,80.13632244917461,240.38047011488322
0.9981517685998422,8.15209650839772,25.86282916443341,80.67732230563833,242.4703001630468
2.0196041039862385,7.549971908787281,26.054251563684375,80.24602585506801,241.1383221200345
1.9997218123474683,7.213051691826769,25.998895170648794,81.42705340933803,241.57933247165425
0.531935289643661,7.628592899555656,25.33882495134554,80.02027839067746,241.1778779338015
2.0565246520024068,7.861272531893312,26.160979446767932,79.93570048689296,241.82823310516602
1.0442658669604064,7.380838558879005,22.55942619416398,81.08703954111333,242.21990006221705
1.9549968356721372,8.148516576408165,24.77313616013712,80.55550161147866,240.64136722405073
2.2043736424932394,7.156890400750125,26.34037511739357,81.37286012919127,240.89127706664246
1.3819304903509693,7.337689300175009,25.660115414560675,80.48739361213762,242.45240036627857
1.8867651352320673,7.842647132258604,25.18899288158044,81.61175182520738,241.6347881242355
1.1990384020937819,7.474703426073967,25.823398099325278,81.64794134066065,239.30663870443178
1.6036882439073652,7.8614549836362615,26.195606608279295,80.55771495755367,241.49034530868468
1.1473820434705198,6.74946068645537,25.850660142499,81.00171578261313,240.90443487466345
2.041271557342151,7.878422315467634,26.004463887937007,80.32166281607134,241.54428606638962
1.262863685487603,7.265835647532603,24.251050143446953,80.83186400204748,240.96896074528624
0.43312479110283497,7.499983210435395,25.8124166284255,81.05174658528209,241.06945553321904
1.1110844081461768,7.878372103339804,26.15174310166455,78.33567619547743,239.72516056752488
2.0295031228161045,7.738218965623996,24.193559555581576,80.88053147694082,242.0370935031043
0.90566265906325,7.867519842980998,26.167591244968524,79.45109030182819,239.72027969545354
1.392329205088833,8.319324389066207,25.02457529629718,81.6355351757402,241.3654020853204
2.1449433671381923,7.173978718854744,25.430256375687186,79.88236284567924,242.27150162451758
1.7796146139634217,6.975004028475449,26.51588337872431,81.29591301621278,242.27280500370634
1.9367041950970318,5.890637641788322,25.909509821471318,78.96378002187316,240.60194168919347
2.09869035007454,7.436232836591392,25.810221059567482,78.08802972377083,241.91623310884393
2.2313789815689167,8.07213281968304,25.020225203200017,80.06918203973036,240.84306950448874
0.9849669127536537,6.559308655775491,25.120409289515027,79.8562107975077,241.26363093364662
1.5995598412520764,7.097547506388765,25.317910313880528,81.52879936478845,242.19819807401225
1.8102148520219488,7.586663003266009,25.58893401677711,80.45473559771393,240.4838786015497
1.749358461569414,7.566601675408086,25.831010682344733,80.55852185695844,239.994612362971
1.6315347504925881,4.672540723906406,25.097832768230845,81.06653431033119,240.66178722736282
1.9172862576675878,7.757707817090913,26.009923576332106,80.4201327493265,240.719642982068
1.8319295848956954,7.978806728578916,24.846660225235528,79.61252182788674,242.16503466465846
1.9252648046487193,6.9563458436921835,26.102739527071382,80.39820290812236,241.03173933600422
2.0007189180661356,7.938338879366923,24.91109227287531,81.23225479477425,240.33143851416997
2.281245869787333,7.878998345332638,26.60799407727359,79.86081687103743,240.74805983730465
2.2462887855716045,7.624664536616352,25.982587684247832,79.59314557452502,241.0410149204877
1.8877537746464113,7.934504846276404,26.57715540840722,80.3027374807016,241.97713226142955
1.4654013862930881,8.053056132812044,25.450150740321074,77.92836211092983,240.18442881906975
2.036895151443223,7.91860148261439,23.82047184223008,79.99618826687298,239.2991626692947
1.640012518436337,7.734763616347694,25.608648654348865,79.24654275075083,241.82559230628857
2.002712507543149,7.9795650611506685,24.49674185977851,79.93591536470196,241.59609846511162
2.2735950021517235,6.23321939255524,26.066380295443494,79.45115108949915,241.26787548251454
1.8458686190443232,7.893463517171453,25.319255888709584,80.97919479653699,240.4137707674732
1.4997688203932589,8.05476009695354,25.386024211602226,81.93795461127715,241.44647689608516
1.935291847981213,7.920666484008842,25.103126632300913,79.74006404490207,238.9618853542876
1.942827572782464,6.984182947120658,25.752138559299116,80.28306100112307,240.5970378698591
1.991329669261027,7.113291067791559,25.889462303624708,81.18467472801805,241.93204860969857
1.7418673411099639,5.5822507935695915,26.1039540459125,79.60007866536925,238.4333758763923
2.2784791926512273,6.292117918782669,25.710344518442206,80.6593516016304,239.74013597442422
1.9561950391677208,6.996058587304246,26.554487118245135,80.08939429856314,239.7803398275296
1.3505399722313018,6.669249269640232,23.033921365774805,80.20757362787006,240.68346953349698
2.1283100080865576,6.284057174105831,25.128190904923397,79.25605200037808,241.21135736448187
1.6648931752231213,6.379437280015732,24.8564355586514,81.80580521891099,241.15210484787443
2.0091437374168892,6.76091032103926,25.49385678271538,79.18091505099149,240.81514273706813
2.040349504428396,8.094996950126484,24.11509427649135,80.83004513886169,241.3368960007523
1.9510408806330395,7.945067168066548,25.63232661406619,81.54351384688285,240.50620125773787
1.6398289298016375,7.869284728245927,26.2357331183183,80.8355845448813,241.60734296088887
1.922578106026377,7.768205487029727,24.46672257813104,80.547953142906,238.8768649181043
1.8938746226655276,7.169937558726722,26.41030732574702,81.07293018101083,238.61123002908593
2.259653889767457,6.881407506616233,25.285799247636202,80.32005193532288,242.48177373025894
0.6744917668317478,6.577101049735809,25.772389581862175,81.24150132831357,240.5662129874683
1.459079827293021,7.867952640528996,25.0093907259077,79.59600353606973,241.76159334995236
1.190404863710389,6.214562771297285,26.17840271563145,79.13159507113244,241.24479324592014
2.209592506287108,7.325916818570409,23.572789167747583,80.5903428641844,241.71755666017867
1.5514942694005396,7.826289351184811,26.679743972728033,80.41892955835374,240.75148657266314
2.0991612449715253,7.636598513128416,25.672117954315176,81.1501033255486,239.86915467329834
1.9055326412767324,7.126345123836847,24.64251377047313,82.0124538230111,240.41715096402442
2.0588234178358067,7.030518489447828,25.530842876657967,80.94627856905625,241.9906753281043
1.9227566568277532,6.954682801586652,26.395203541740877,81.36057644397299,241.56050175075674
1.8683589499966324,7.285142281224005,26.09640053184148,80.49692135326264,238.55411124727257
2.0979852377028014,7.749243671851354,25.246312261806093,80.11749638416815,239.88669028028824
2.0322904431264504,7.985378730450255,24.635031238640373,80.07794703591215,241.1090508918395
1.9968308807096862,8.308286276697991,26.495914570483816,80.40553804443607,240.7684970348991
1.5630966623349776,7.996186070216685,25.135654605613546,80.40405595627941,241.7823606960191
1.6216086543853339,7.809826137085228,25.933680936643306,81.7777174380517,241.48874104780074
1.5935806473491982,6.918513071583529,26.57144028914965,79.68057118300379,240.62490110945905
0.9501483758935647,7.515484781441876,25.534553520420815,81.62584444239278,240.31970467003921
2.0499233905778076,7.562526190145424,21.558906531041785,80.05005798025628,240.97678478605215
0.5560898045316636,6.773738561407577,26.014464584932696,81.3888654085335,241.11593350026533
1.746049713365483,8.072552030517357,24.122246473668078,79.8500412279738,241.12808775049257
1.8000335588157166,7.781692370711097,25.8320784160684,81.0400497113508,238.846371359278
1.3340582168896895,7.58047267603598,22.396365092223103,79.32077286663771,239.73190477688175
0.8437638722262547,8.17487091912157,25.554534266808016,80.93192367626433,240.53962828246904
2.152257686470169,7.918148332226049,26.559691049371267,79.71087338624022,241.51370219518117
1.6938940825112263,6.192737232932757,26.273854763610235,79.6017903916298,241.14337167634943
1.894694489871875,7.637620091740319,24.83335072099311,80.98961057242919,241.70942687112907
1.4976692292632174,8.088684417251825,22.511582654299005,79.50600766337332,241.20194421580183
1.069359151624172,7.6603454657002645,26.481811465338986,81.08722372943708,241.28124963572267
2.0396050498196803,6.807750564999585,22.682587294325195,81.12260512473274,242.35024428627676
1.9684000157648225,7.650334591316872,24.63221441520406,79.4897564573473,241.09538725177677
1.7923665634550952,7.045794104687148,24.935650726681093,80.18800044793373,240.9986762565438
2.169914291680753,7.846943356280813,26.288361183443687,80.15658673142035,241.6077915734379
1.9767948342238453,7.868097521355875,25.846894577237748,79.82878260704368,241.56714436933174
1.9653868442386853,7.807012560648009,25.931332163997308,81.24148124451031,242.37727824519484
1.4086094569905216,6.657305928194866,25.06500661280747,80.00733021735117,239.27677731524201
2.1565156820676297,6.845517919393728,26.146064019808968,79.52885551982851,241.34767508416223
2.0967092822398046,7.851484695013564,25.634527481177464,79.96858010589303,241.88517924897494
2.1776605597277707,6.443287068543191,26.729704013494977,80.72490632749962,241.11327006036598
2.030924324307778,8.065501942470636,24.948566676711902,81.88781101768205,241.15479350282445
2.128352784440762,7.78490192006393,26.445499289944802,81.03124605736865,240.4897549325769
1.805785797511432,7.715275656326636,25.825278611354946,80.88077712431458,241.375150486615
2.1920862018148197,7.466889350487675,25.693796920072558,81.2245260672401,240.97397542574984
1.6898129949866707,6.8389900768368515,26.145517207234004,78.52297489262043,239.890200743717
2.086036886689891,7.787614886702726,23.410578800412875,81.91852838681073,240.97747656176873
1.9344501270868333,7.459992207464813,23.52644033894636,79.75680538816833,241.4519751082021
1.4420332720575577,7.347909255967277,25.747206997837143,80.06604569151867,240.04559886613663
1.714578116623944,5.645547495592395,24.78275036353843,80.74575524828161,241.82334677231935
1.1423443210881798,7.905735032401173,27.077076466878854,80.72050516315211,242.19121951974506
2.113666290727751,8.01038976700958,24.555924300918726,80.91577603306507,241.34324931310732
0.7226605291324153,6.813629421018122,25.15038007359441,80.38102189128509,240.22903320241886
2.2272401409449687,7.815225430925565,25.921563329741822,80.7099776026739,240.54438549950837
1.5839382063379193,7.703796522271916,25.78763680387681,80.20489953197308,240.7541365348631
1.9078948848282162,8.015952656236081,25.798714953883234,80.86255270880872,240.2713859600608
1.719656745477644,7.718851539191448,25.789556154261604,80.72011671070544,238.1437865033261
1.488717334963204,7.009719743920231,26.44605541905257,81.33600747584926,240.9189836934604
1.7339792230146824,7.708767615348828,24.654981974854085,80.4235457609974,239.29535130727658
1.5809995839331294,8.285359098074,24.856501583526327,80.27403692389125,241.02081855887954
1.9279901819662963,6.4200167117639015,25.867444486708507,78.69481207332402,240.3105869785543
2.144602006865477,7.29864932014395,26.270463475052832,80.41623309178777,242.39038495306883
2.113739922868355,6.683603752856395,24.781633867895557,80.75187127989732,239.99573297045316
2.170632967711096,7.171970237400408,25.5370523792673,79.95135189306762,240.98035385804062
1.9169348247323192,7.846335064086691,26.37759509255607,81.11967426304312,240.7893786781737
1.8015953767568693,7.661474866064103,25.765306167267912,79.87895260368249,241.76181798417852
1.880399718696237,5.47807838879177,26.464212032659137,81.070176148116,241.10323541758
1.8707650880630582,6.8440129101195915,26.250932394189814,79.82818060596811,241.3432340005523
2.0397949964483986,7.872360289576219,25.712808247798034,80.16669781524662,240.19563430952414
2.09419638250364,6.351921551562722,26.530452144222625,80.25863492619732,241.61029958120272
1.7930248360570913,7.926659498606926,25.723170377625017,81.49952563467556,241.01409921190955
1.753821617540054,5.988250198029807,25.512329758830067,81.39894987622495,239.84703908743245
2.187798879233656,7.022431146787704,26.193893983940836,80.0415308717352,241.1873065032043
2.187561907905833,6.756034291028244,25.451092292080112,81.32351101227891,241.31047933729414
1.139888588887379,7.867908658182616,25.3883561950112,82.18215433177029,240.71805797154664
2.0344434732423338,8.095663781577864,24.71371241277725,81.16398765627599,240.49497446338086
1.9273068645050535,7.964857191721859,26.484739064757555,81.3411191080358,240.22852268261536
2.1398907577718322,6.290474991612708,26.860917728354337,75.94373287194051,241.84720493943084
2.217056723873595,7.825976724935959,25.05370219465371,78.61920438373663,240.58550886541795
2.158657894104816,7.6244076475835785,25.189290385152216,79.70068141552397,241.03629696609988
2.060639611370425,7.492839922924628,24.756310403361727,79.7577411690686,241.16622014055088
1.914151471628705,7.608162113002922,22.462999717103,79.62234655567104,241.98061191783128
1.4641782982811797,7.809499827665353,25.958880878746918,79.97751539172916,242.65066685977277
0.11282131619337238,5.527446940228718,25.24698281564278,81.5111344075383,240.46969621841842
1.6514455382930453,8.196905639403045,25.97449339464845,79.59804315566015,241.27196118264592
2.1658865843660142,7.203274728482477,24.813560681939503,81.38751037053694,240.18418290501197
1.9979504514691306,7.749940612694713,25.66298246609139,81.46544722368786,240.16864001154497
1.8516606847994879,7.204099376301176,26.853534318763927,81.78059708213429,241.52593094775813
1.024240695786361,7.899190892835418,25.880962919120215,79.72355096777123,239.81112458836782
1.3874028679131043,7.943412912395868,24.35255063031488,80.6519236266138,242.24290946352198
0.8047950544077335,8.06763566272034,25.511329874355553,79.04797550464669,241.11349117096316
1.6368230639930321,6.82501444476593,26.73608136701722,79.81724284975964,241.4392875702421
2.01553859560787,7.707457867104176,25.66106053559495,80.79949061929213,241.51772759912356
1.8965122545982456,8.085207351431198,25.573740248054495,80.40390905300771,241.62581599535443
2.2801506034729653,7.688067040260522,25.047055555145082,80.66445897013811,241.19091071986455
2.1648929928681753,7.596718796900811,26.189285484311156,80.96119279698324,240.21318639428247
2.130012221700553,5.945236842900243,26.337187388401233,79.64875730159478,242.17697110896208
0.6067703361140167,7.762521519124861,25.618932367276205,79.80538938360019,241.2745223129183
0.6273736857503954,8.222107015939253,26.00114856249704,80.90003718581116,240.6831855844317
1.7035477842176419,7.141087047154068,25.42566565572586,79.6922838475826,241.90456069176847
1.2106372154875835,7.630460643874911,26.222359768398345,80.99836811969601,241.21868011397518
1.2024356077569462,7.580481075548537,24.269404178497865,81.9691230877976,240.75489977938977
2.1468818719006797,6.792522974309995,25.429123475985648,81.48588297823794,240.44834810637835
2.2410619583649223,7.446796097580273,26.217370229683723,81.7886275779621,241.72113722244944
1.0431459165158072,7.491461625810534,26.19618210180725,81.40058148086798,240.30675504720693
1.8849395881813698,7.485177586173813,25.90862634880003,79.4901096992027,241.73532086809854
1.9509090651132737,7.870126751578338,25.308619244900264,80.78401522742921,241.11298727272305
2.086368818593577,8.003513230774773,25.576518880981066,80.87025446206218,241.58493619994474
2.025104056864935,8.028651310983433,22.36103383257513,80.58488126743745,240.56923571620985
1.6321447233755124,7.398178561329945,25.729243043541942,80.11306276063924,241.21172239130996
1.8141168425924685,7.547443538658009,24.849621643327424,80.827977567603,240.64401819645067
1.989682457350051,6.232565183040032,25.62316820576242,80.28608193831884,241.53105802778683
0.6388674626470504,6.162099128458123,26.080950627044803,80.31508371850737,240.32487655558614
2.304670692482415,7.106414229520993,26.411182223288797,81.01682630079387,241.6328587463306
2.0275996202745876,7.836842100184987,25.560793185636033,80.9219590912196,240.04793262137798
2.0170336667163147,7.538030014073596,25.715541468551734,80.20372900500338,241.4029255331087
1.7273865493229268,7.67730507707551,25.94643481902614,80.53318051376783,241.56811574888502
0.5605949738149265,6.3564325059690185,24.758368472176233,79.75163780531777,241.74255374250268
2.2381782862661357,8.045504161726104,26.29171361631456,79.99887364038057,241.35772843488934
2.0098840436305023,7.844583001335637,26.197959975593566,81.22748317160051,240.66155914494922
1.2445040881065228,7.083035229773379,22.190813280713424,80.53868436237408,240.54748664424596
2.1849815689592798,8.095759760958368,25.200660806328045,81.04423855102104,241.75394191418778
2.1744400981980747,7.439769233306715,23.795824095349168,81.25044846669935,239.62321532946677
2.0270055869256742,8.170266679332364,23.59491567088259,79.51510203912167,239.28422233736782
2.0981363298093005,4.971653413607689,25.209866120632704,81.36734692459355,242.03741621171775
1.854071784472743,7.697726600532565,26.272059994398322,80.70836863430729,240.77214162639925
1.283646501488388,5.510041575733655,25.48866952993002,80.26543600571777,241.78772039087133
1.970279117187826,7.810927568591769,25.031855556483453,77.98150072513984,241.99123858549316
1.5317854968909008,8.02251130636971,23.597118503771302,81.012223117988,238.39334297833344
0.21857281844414378,8.190213797846516,26.546941154512812,80.5967181593141,241.1122837255274
2.1435504541101387,6.3155351202935455,25.650335336793518,80.3103758293094,241.81125013939936
2.074835354792036,7.4735436696157365,26.161557266878127,81.67056878397162,240.47351177401652
2.2422860163432894,7.350951817755012,25.33423983864425,82.10507374411773,241.04426459073213
2.2931485756413483,7.982039766918024,23.761051127028974,80.9698962626029,239.74692087597282
1.7875050828151495,7.987605216329182,25.324994825905964,80.87642561991157,240.46347669402346
1.7802971160643073,7.871563402111412,24.07918602870192,81.10161857696004,241.05642368372853
1.663721413106707,7.447013422218313,25.4777037731847,81.25260512163901,240.93065255766408
2.0169259020533654,7.8119081386449505,25.48019796042039,80.95856093730644,241.38432847524209
2.0500228535564435,8.125987872804991,24.187126500175182,81.39756776102112,240.41370332192133
1.1273866251505633,7.926084641839977,25.994076248534334,81.26754441838237,240.85332267673937
2.229919866954328,5.57075564023631,26.169414488979402,79.70017824401324,240.6172112071149
2.212247191387657,7.218334429618562,26.053690689708144,81.03212129217899,241.82450262393849
1.8759433264291425,7.433790977063438,26.16457869478696,79.61114429297466,240.75873560444003
1.7365855025476737,8.271702047440575,26.5900905204679,79.2083140319707,241.5804658866099
1.60182887437037,7.615675473087694,26.51293593506004,80.4767557633742,241.11939406759652
1.8350954498337626,7.922535349107736,24.190472354279116,80.83618304581708,239.9705410702267
2.266265635437149,5.163372149082233,26.32588481972361,81.70093811607379,240.6473848626111
1.7297565255553586,7.074640017444655,25.35679824674504,80.83145074072205,239.67910342079273
0.9163029796759178,6.73782482337918,24.522469864475525,81.72944711604359,241.90725941456537
2.0598693231855942,8.152988280018901,26.712775711331346,79.94367841612757,241.42931371914307
2.302829144133994,7.8979980604155235,26.548025743742347,80.37399810722927,240.8538343116583
1.1924780418999026,7.652411189893738,25.42323030854466,80.8274650377266,241.7286559029172
1.9850545266011044,7.612771217493369,24.504808260258876,81.86547824553182,239.81471019137098
1.7339348935818935,7.3286306285559295,25.293187365165352,81.01209520845315,240.5633016810886
2.0745828080431723,6.972918051597823,26.667218825057976,81.40470718978584,241.0150489040583
2.064522339611908,6.3737491403845095,25.69718934471072,79.89638239729116,239.79690632428122
2.0306077971675136,7.923216667537922,25.602945147102247,80.62336748962095,241.4585458381686
2.2648843960334437,6.512047884708983,26.53403974079857,82.25494548043343,240.31746718552986
2.2738357235318807,8.21264978336591,26.14483930524743,80.91736170612623,241.78901600347535
2.0631757085812876,7.545630593815653,26.878372164184544,80.69621467363933,241.32502604445918
2.013948620799149,7.7609670957653,24.23574606086986,81.41835385648203,241.7991100394819
1.693954116792715,7.318298038388707,25.324042574594202,81.20104406336606,241.23659273510125
1.697014571843285,6.178842972924119,26.58630326852206,80.28361578879999,241.59453456777493
2.0442150748559196,6.824554649174243,24.293182835842398,81.01841232674305,241.39587845574525
0.3493098166824188,7.577265063100542,25.142238338454142,81.27239861656808,241.3338579757653
1.8790998184751257,7.226651292911858,26.595617913503293,81.11758701278717,241.12244125064586
1.4866783018807899,7.615583496723048,25.00574842549357,79.30531414095594,241.2857054510691
1.7063506791607994,5.3657730133214745,25.84219410082738,80.98042596956638,242.35199764648374
0.46458328551929,7.391495218277373,26.33377482898892,81.3701789136466,239.65666063479514
1.9969057107591253,8.095202598408184,25.542918982478437,79.11649052855805,240.88741895428313
1.930774419908753,6.440859246180919,23.937804220036718,80.21776139189579,242.34188709276566
1.198995149116671,6.496059615340216,26.52842161217312,80.00692624150663,241.1240871180155
2.088085804397811,7.620260255504608,25.94881646192473,80.09425224887868,239.59037774053243
1.8896203221140953,7.108395992940633,26.08768446376053,80.9685106494793,241.769142960223
1.8131477094342696,7.957879330330236,26.001032573899842,80.72048087659965,239.14950901591328
2.140401105007264,7.623677687744602,26.449306928802176,80.26386780123443,241.9559023410592
1.9634601254925497,7.1493502535586755,23.625088545862624,81.0149753269698,241.30569369011138
0.31200533826523624,6.691669687619446,23.9970163672432,80.94251919630645,240.66900839202606
2.0172859258633666,7.9127040654917575,24.09017029499877,79.33146500057173,241.42369791083897
1.4657882498290953,7.518477415360582,25.144351336111757,80.981967868151,240.32487940600146
1.9774186248931385,7.628900499490575,26.18072234953871,81.6296668146377,241.1941247755603
2.131417533663201,6.38337399435254,25.445447311869458,81.11041147640306,239.49715535889297
1.737426200957521,5.808421506277566,24.431328034294005,80.97459759187508,241.56648941786074
1.5476906167468565,7.856593942689368,24.8741908402006,81.55044989056185,240.58897640450846
1.5200672084656004,5.905961877078952,26.195544236048377,78.88293975109926,242.37257127208127
2.0005600580212457,7.725511223328341,25.63235064259752,81.37754988500807,241.28770017099754
1.6967427534663682,6.8823844112012225,25.24651355496342,80.0367327148628,240.8583348993
2.0487672737197618,7.472222083454088,26.025932319202848,79.99217431887213,241.15218771671644
1.7980739950691647,7.028562396974344,25.825900833263255,81.34337745452396,239.90047399385165
1.469777590918065,8.151838346418245,25.250715910034845,80.68862039031211,240.36154373486474
1.4162746421719075,6.885476224076281,24.416484155837423,81.52258607702367,241.31108264487852
1.1937187074239184,6.799922704752057,26.404495840759168,81.2849078372043,241.3619048545753
2.229059476255288,8.226079209095714,25.970454437582696,80.43474512631745,242.50338614006682
1.8452159248332856,7.944139234028568,25.850832037805798,80.99853606327444,240.4812181142697
0.7005138625799695,7.626194418352289,23.24526419942079,80.70120881531113,238.73313582163618
0.7988190980192221,7.175148733632564,25.47247442291752,80.74854697394044,240.75544207598452
2.192968951624223,7.56434517117978,24.434334775387764,79.04142533966787,238.35714302879745
1.6736790186469848,7.6850966781260395,26.109723153762605,77.67776088185902,241.34463788503862
2.0347174537995034,8.017417899918863,26.125708882174983,80.20992269752365,242.080478576959
2.1269416552522302,7.1296063167771235,25.678329702755313,80.8228324654395,241.6122928494322
2.0382045011078835,7.3224911892924,24.341175779851515,80.72223746734586,240.46996724909275
2.2887369731686675,7.553043446253471,25.302056333629384,80.38309164501634,241.58799972089832
1.9639802810173304,6.535399519659211,26.338304851008076,80.70034874557712,240.4176636921937
2.0615222200441847,6.764742864390179,27.086109869819254,81.65236650721181,240.7958744446063
2.084275353895276,7.181106826400238,24.336460538531572,80.8026021852884,242.27683309701106
1.8876411812245515,7.450348204300503,24.12222679017513,80.8696717567151,240.63809963553032
1.6450246953282768,7.8352688159912,25.400671797999404,81.29714108615005,239.27993131371176
1.9861751857112264,7.448843411184652,25.11565297214081,81.51203119010806,239.0865173723436
0.6610472197019418,5.457169520375744,23.960103025146385,81.75819701963614,241.28913195340007
1.0309863112191013,7.395613696694091,24.361791865998182,81.20193692462902,238.82717197067646
1.9937743575150393,7.091375888852617,25.817706168080406,80.23575372722075,242.16292738930122
2.159055414417647,7.9836653948200835,23.956164184906466,80.8704281776385,241.4321014368176
1.4460055618013599,8.134901803656431,25.988258057943582,81.4750129595956,239.56271123839642
1.8410071299646527,7.845088565626912,26.37058234694275,79.80131670608944,241.60668629824846
1.2978701034642917,8.077845680896734,25.54219281535664,80.71904819664837,241.1191722524509
1.657686444746372,6.578162953701847,26.28051116742513,80.49790507691804,241.1314688360616
1.858394810068244,6.588973941907194,24.338655376872907,80.15074042457039,240.41372038466315
2.286238188099922,8.068818910437104,25.626934384043288,79.3772403436221,240.27581086174416
2.0045617052048557,7.689917663859321,25.82554316639091,80.60326919056405,239.7365117282402
1.8583453060172814,7.612480998927739,25.9511007500907,79.78883394206483,239.84635366462206
1.8650871084334308,7.401083966438767,26.348095537574903,81.09582735289392,241.34740640591178
1.7229594423524321,7.401274700826845,23.889185002087313,81.21653353079991,240.91997592690944
2.0053130965782175,7.601220068012805,26.204841453491778,80.77496261322362,240.7628061850636
2.028240578436547,7.390815762427237,25.638030008226092,80.34397701943509,241.20499557056536
2.0102018041746796,6.797691532764628,25.49307323671073,79.89345870449489,241.77540643137766
1.9436872018004785,7.066753349208325,25.665126492838976,81.44965930837857,239.5508590856454
1.3537904052528935,7.670045485668407,25.603826179170294,81.11672505956493,241.36303680600795
1.6659278612639106,4.601374395101036,26.098438052846753,80.8824254854439,238.72579639342806
1.8535657115626858,7.831902173370301,26.06105936444468,81.18142782365635,241.39310330073823
1.9053114574092707,6.007812843213181,26.037471115009215,80.45743631099936,240.90252860308226
2.2538009483514343,8.10427297329977,25.243855041005713,80.89951846380534,240.46965645046635
1.8843629805450666,7.784004320515026,26.71120011942059,79.59830994708747,241.11711400867557
1.3386805517107727,7.788197623819554,26.337766733073142,80.73516787773275,241.78472125042106
1.4816680240439266,6.391534182907413,25.985747544565765,80.46432947746644,241.62672372082773
2.0732187102739164,7.590610520277333,25.52539299826698,79.97276842130867,240.3792314363197
2.1006255936634473,7.754608719224871,25.50289210154369,80.23854171229048,241.3310620816341
2.2076051923363393,7.21167194767663,25.837759009077768,80.35286940524158,241.33923107063455
2.100624411451537,6.328142945836224,24.6504180302913,81.08892189679594,240.08806464759238
1.5878572291312296,7.796864542621321,25.481768870748176,80.26673874165702,240.75005976979412
1.5087404248860865,5.46245784118457,22.442113281778187,79.13701821871621,241.65813770184283
1.5773922864134013,7.414914954871493,25.19760139556676,80.82414883503448,241.18977183965805
2.162822963079654,6.927013495868662,26.206853733115423,81.36086084785441,241.1843093693385
1.9377579490828767,7.798008905240286,26.534707578302648,80.3062460792157,242.17065095606603
1.1629661957046291,5.494367836895926,26.646592172737805,80.25829645949645,239.494423013453
1.4094040240103318,7.754215037711425,26.662374292686327,80.91984264789593,241.53355720860054
2.0230512530222904,8.316057021393558,24.242560189929904,80.19488674579975,241.7068152803425
2.0002098999323117,7.378911200852905,26.31793652198558,80.49617358612305,240.7569389335686
1.7995245995073248,7.679586584928957,23.455615903082343,80.9341789954672,240.3263633294579
1.9645264453306404,7.833284344076568,26.90933407205506,81.23853679423593,241.18116442686627
2.146874335967581,8.338974467995595,21.729985359549726,80.9390246645724,242.30030601677362
1.9997617862928185,7.696950276630355,24.218045018226228,79.89151430495515,241.8379422380892
1.6682037151824802,7.670713540248152,26.233000836978555,81.1391545508295,241.39790639240047
1.9703573658908646,7.9201151355971495,25.818820174816366,80.76762373907535,240.0177802749532
2.0680471735861516,7.863519651992271,25.70849024386856,81.78672226026404,241.95871435437093
1.6063556762566338,7.259625454398541,26.65867855831607,78.22429058434463,241.23043617488995
2.1278185518390087,7.731221984027991,25.89052636443371,80.2251870609291,239.46445158084052
0.5627200449698415,7.3264764569827365,25.39956534436438,79.73914550513506,241.31897711353866
2.0152888330014633,7.651464451552469,25.50244309351531,81.1250606334267,240.47007696532918
1.826900879280486,7.433036524327219,25.65933771887218,79.04501566252804,240.35387038344268
2.054741765924683,7.987039596298486,26.182164662802126,80.37664275562712,241.17798018685224
0.6180030014727621,6.996306175918089,25.295147643585587,81.07282025369874,240.51858660761604
1.8595225156348483,7.7108596908183875,25.85741046548891,81.74783310314145,241.68423584828207
1.9677078815482858,6.976512198773452,25.730489977865066,80.21358048276711,239.94252310318237
1.6131619639302,7.61781941574495,26.250344450001005,79.79934090540604,241.73185661147053
2.0050293485056945,7.817950065751084,24.614528481539644,80.75644398982956,241.67794939246193
2.103131600067993,7.094758020038528,25.918984647723413,81.99023736811023,240.86109457371342
0.9954095567080072,7.304661342508981,25.90418173989655,80.93926238164231,241.62362560508393
1.0631928666819654,7.704285565792469,25.21206313222634,81.34383787228639,240.23904565416643
1.9157311711910447,7.661598374094518,26.026757411556325,80.62340747920528,240.9671434029575
2.000053779717523,7.8847019012427415,26.303757937109705,80.95683131659816,240.3054272312693
1.9887770264336255,7.2199700342798,25.987817868069364,80.70559450934057,241.0210341655318
1.939118241906131,7.573868303620888,24.409416825849235,80.93057082682384,239.63399812549747
2.1429956107271573,7.754024049856138,26.4567868555868,77.79090079509105,242.10840722015573
1.9557906077108282,7.979752290469381,25.244621506061723,81.35388530702478,241.63748150567562
2.244746689604301,8.025161629522238,26.244212673191228,77.67410395833791,240.85152493810637
0.9275187061989631,6.780794785882547,25.748467604601064,80.58087450391842,241.8211795388046
1.2673365972399004,6.991276465591577,26.18629069191912,81.49257151932191,240.2019884718711
2.187226651486981,6.210820955736666,26.002002187038432,80.17702375883626,240.72067818176592
1.8991977099026338,6.672487887423569,26.01727112526554,80.37601288185469,238.82002488433648
1.9614137664174334,8.09699487907495,25.85666290621927,78.22612979267639,240.9784336241768
1.848129762934142,6.811397019281084,25.843384319528848,80.94413149412556,241.96570068169518
1.6873039230157152,8.027001774493,26.173056244005114,80.79688262196699,240.24743134019883
1.8785417931155663,6.903404460585761,26.033701623113174,81.10828144664171,241.3007813850479
1.9239582733791525,8.195530230896772,26.6126384847899,80.27540798076346,241.08410684927645
1.9653390463979463,7.117020730337941,25.58794256659036,81.02157180438562,241.5460755385481
1.5945117892488783,7.250723883833892,26.123950918543997,81.64882002290318,241.4043978779393
2.07372160531598,8.086958645706321,25.58130772015702,80.09051219430914,240.8920604953442
1.544172403063359,7.116408207017787,24.541183922655943,80.44310250985812,241.88677584046002
1.7826786953598803,5.060456837024389,26.040964130144697,78.96722437365288,239.24618756334903
1.96109766552961,7.1816717144385,25.5470968558694,82.03968447737357,240.2113885666929
2.290312704504666,5.695753694032769,26.598923280459523,75.79317951174039,241.13351881470498
1.565401286739217,7.646971590870135,24.642243911037156,80.01286482272381,240.1619353437959
2.0126782087404957,7.925995785364926,26.288925663738016,80.96445163302747,240.84253517628485
2.2404057955983108,7.905975495029987,25.967450741937714,77.61218434030232,241.40456354995382
2.3024460899698282,7.614325036228264,26.34009271964276,79.82015558797468,241.51790022082037
1.6426243708184705,5.83750554902135,26.30624838133822,80.20131659481262,238.9600636052661
1.996449680337172,8.05615565866879,26.650962138946067,81.22431807656852,241.72556643854597
2.3008946465313844,7.482267275209963,26.154261413058098,80.85329835359823,240.6102214964804
1.6608410327054803,7.852839373062805,26.137043000767704,81.06809976276452,241.78097153701893
1.988453649121015,6.720401491205061,24.89499632312567,79.478251606567,239.18254896913473
2.290850958885614,5.874471620114061,26.381617930865072,81.77931338705831,241.77510707083584
2.0015183436260204,7.522533151054712,25.97784391166518,79.76193725481946,241.2515781068768
1.5238160240206873,7.376032381547657,25.710888727656197,79.98127407668312,240.24750977032315
1.6669691164163882,7.723400600837914,26.062905111175052,81.12004736458914,240.0636302580211
1.6376834224468486,8.119347891340402,24.91706276139787,81.43182764551948,240.8659426960793
0.8454847819116096,7.524757222216441,25.659515392855845,80.28582712238811,239.9615731799903
2.0325009587223897,7.992251735737296,25.52848987231962,81.35764470223926,240.19963142273403
1.9680352892695376,7.827854404070478,26.678167593990946,81.15084464250197,241.07842106344077
1.6024121305789012,7.8632386092591116,23.7275645702974,80.51721674611132,241.13187133779917
0.8674883267714096,7.390981208112288,26.442434893459488,80.64710224151996,241.0481896667443
1.9700406328808229,7.898867793579825,25.806673524828145,79.31473037800176,241.61873950206225
1.9207868713941352,7.731879748638466,25.541478099255272,79.71690407887067,241.16547769537632
1.2582934482546069,7.584605832494121,26.41955593463578,80.95017471751656,239.27398423597455
1.9628771722972869,7.988768636891636,25.868845690336506,80.89314389979845,241.36638309234297
2.18555612220716,6.777419604854888,25.315589490430064,80.97074182845223,239.93084692849533
1.0485672236990793,7.469487908445792,25.171821064652043,81.37040461358444,240.68165494038158
1.9886278466781393,5.5570454976611705,25.691496388789155,79.98968778277383,241.03556072860445
1.7128571616926844,7.091129588441351,25.786858666448882,80.82106920299138,239.61517721652476
1.9933826749842758,7.0366654019662835,25.678161640146776,80.40039267067493,237.73120750829602
1.85350054164024,6.970562313782392,24.642376697431384,80.2685542313166,240.41214796485116
1.18327614475212,6.538098791050077,24.41281138626475,80.71629845956465,241.8987735615275
1.3126681028576288,8.019963955614106,25.91176640237024,80.4601360281159,240.5099197857758
1.9574662708983772,8.398349471455607,24.64331905543753,79.91427562340563,241.18377651757615
2.2444263868562757,7.1848094411028605,25.245787936905877,80.12495383054618,241.2974457948517
1.8411200630047424,6.899223924247938,25.192164581763006,80.4770753508131,240.6877125236853
1.617344897249516,7.808488334819564,25.471712468751416,80.77694935996486,240.10555927768124
1.692220022302205,7.186496893329343,25.801321291919432,81.15782510356532,241.22085095155006
2.1891985607042534,7.358937300266477,25.11114712072852,80.93689880043632,240.4514239479896
1.9476411443412558,7.21040433687888,26.061184434570023,81.77622459660955,241.81709826117418
2.092808796624812,7.332542176457991,25.88578696406451,81.24775143949537,242.00748352076215
2.256542510517899,2.9236364535058907,24.900110682128094,78.65013302628884,240.66355405247785
1.8685701212626817,5.279616645798321,26.026862585814833,81.0701923564809,241.04503035634926
0.9830726653764708,7.413778110886537,25.012074082018255,81.49618508618732,240.97032893421513
1.6720084852963701,7.5293478438358905,25.316016313550758,80.64375006762602,240.44431251729742
1.9027243164152348,7.305863814410817,24.96530838928813,80.54905233648759,240.9300412773795
2.063318762272774,7.797990061221258,26.867856695859196,80.58186080543463,240.77471355666466
2.1830367226643337,8.180309201175442,26.253756567508162,81.28438141776267,241.9914524947927
1.911499934413494,7.628064475107069,25.90040085911072,80.71201370543683,241.18745976122068
2.053894171280629,7.3869533884119,26.10585016510731,80.60786033015864,241.33276409762064
1.68217482934581,7.681071743854459,25.698026481623575,79.7729200232091,240.84114609986418
2.183997326921117,8.179346476584055,25.54690108743328,80.40038795582588,241.04498838431545
2.2265090822036546,5.530122302871418,25.367882438770984,80.20220281575048,241.18011260674106
2.0000667825966536,8.105697687745264,26.566515285691203,81.06459060437281,241.8618480618553
2.274173062562066,7.637223614522373,25.6675338485319,81.15494858385279,241.58329483924723
1.5938896193191956,8.050110061794797,25.957295885004946,79.89850492617866,240.37531271361448
2.0158572479503376,6.47163297634867,25.026684845363814,82.09583078410081,241.98954958210237
1.9935268568903208,7.709122485454116,25.37065977154362,80.70648658621984,242.07863397594875
1.419862070809286,7.250888517772487,25.313889759028832,81.33957845902721,241.87326450746517
2.210478154502103,7.913681318028425,25.463369241426278,80.34341723682027,238.83753326172086
2.0494492914581275,7.960659988593902,24.68405325475586,80.31245891095925,239.3067218715672
1.8941549386629506,7.164389141658744,25.932214626256457,79.75298909780805,241.8272423754734
1.1074518456069682,7.672567169846863,23.17575377432556,81.7295961948553,241.5658692535206
1.9167893007322123,7.542014718928165,26.076898666608294,80.11575903177106,241.9723822925658
1.5101408571822017,7.575171609057688,25.507232122612596,80.4065591227374,240.4455563965212
2.1043364888310894,7.988830145199707,26.55650680907916,81.74353749293002,238.80913659536148
2.1221102705361052,6.972168559190479,25.67329693784731,80.74939906462858,240.69552482904453
1.204954684140946,7.660220725467588,25.941319864548152,80.57390297591716,241.26172121456923
1.5204463714818772,7.010162976187894,24.14860585783444,80.84512249366331,240.71280316700063
1.3903101151930257,7.719347739992686,26.478513212358227,81.07151261765887,240.64298977927157
0.8259386511450575,6.728519735426747,24.85136703284445,81.03373649293117,241.5566154119898
1.929930093148504,7.458619445515667,25.588323889524005,81.32106472614456,240.8597695406249
2.2360010741630303,7.566972480148242,26.36631513521901,80.96285564098572,239.30908273484857
1.4704793181262958,7.9819414319638415,26.308420682947077,79.15756414937562,240.70452944787846
1.7833601827900818,6.638956641765812,26.338640947878826,81.11785673297062,241.34989814849303
1.9891188145747711,7.0890656049581695,26.558883850022497,80.47564516519094,241.9196418036019
1.4763639934454635,8.078902636634455,24.101202565309713,75.92089079431022,241.44804958453312
2.0662055673127644,6.313957652616081,24.876131603776287,77.40773944219599,239.67183271412017
2.213649453641561,7.987585365972091,24.431457911612945,80.36270808315723,241.45089797035553
0.47601355198339734,7.328184345033734,25.289944013983988,81.71684087650401,241.17581483492236
1.8805882492759411,7.951845472632068,24.713086296486438,80.63425027319677,239.88649676096716
1.9173953198234321,6.613374454220765,25.75246626267319,80.68336793522423,240.54715965401064
1.7634019879791536,6.042709465757659,26.34018529948656,80.27331507295011,240.4068939234121
0.6871339422854138,7.667139456409739,26.323896857887515,81.12620707715683,240.17761446350931
1.5084000965284587,8.372320454722276,26.30831067893462,81.16159455277742,240.7383585360187
1.9079317332596868,7.611868871668526,26.020372319305412,81.03321510131732,239.76104979204825
1.5542924811031615,6.475429840319242,25.92450916650567,81.37162429881447,242.44196536556942
2.2322777304762003,7.841399699253634,25.993802545288588,80.53449712127399,241.01142413595943
1.6976186009897183,8.081919555260555,25.983087850056577,79.92135166072602,239.9996207619305
1.9103897377289953,7.517811228401175,26.567456808584147,78.84954868578446,241.854673531073
1.9051922622688013,7.7394616512826495,26.113349730970793,79.06688187493053,241.76820785616945
2.0125577379954427,8.082771393534223,24.51539513441366,80.41143124677461,241.24397270158155
2.2188903258037738,7.625522182984811,25.69218882962886,81.36453622923986,241.1100099072774
1.0535946923929678,6.337388407960355,26.280069400493222,81.25878197494444,242.07010658568575
2.2393529962059233,7.5963813593029625,26.321311604351003,77.87429982182887,240.46120696640529
0.374540873362535,6.930934914802523,25.82421478651331,79.98387176919563,240.23119471621848
1.9088136569682406,7.407139305306932,21.85681894871316,80.93385508727178,239.72789109987465
1.991434284159114,7.672252269623558,26.034161769963717,81.41105534551097,240.31014122651496
1.2242859622975328,6.255726769222934,23.95063984233793,80.88111738590851,240.97310803713623
1.8655492469713661,7.122341915276733,26.187263602891218,80.77119649331244,241.40324806280088
1.8119567095070996,7.445079742525436,26.780171391676447,80.29494325250873,239.75389037005434
1.9162444292466254,7.214010731330206,26.330573704580818,79.40733851641914,242.2714868778633
2.0103914036506905,8.19547536117777,25.644186614727023,80.91303186428689,241.4409200108839
1.5357158630329109,8.064853733249583,25.78622584372419,81.00575602033017,241.56591871377242
1.9682762027167104,7.700865233053218,25.521764916429397,81.41851600657628,241.1404373410515
2.057091143501234,6.781300284876645,25.915225786079095,79.54823009800963,241.28431904756002
1.9566665399896557,7.883888932424243,26.11106430811074,79.76960746033708,241.50885470182988
1.7848614110725713,8.096841623659229,25.702468034384843,81.11986242431304,241.2105648698194
1.914509332173055,7.565576846106836,25.897285083590674,81.56031896418844,241.0191447474125
0.5095580747556505,7.049887293270377,25.639685534238126,81.15776544940915,241.26873125797027
0.30821408291241176,7.734676060449461,25.947041650560237,80.9823939098928,242.0879390124382
0.5380655596819705,7.678399333863739,26.1691263717405,81.22877026537981,241.66172816681114
2.0034366524400498,7.10077613652029,24.91878833240122,78.41067783098329,238.750312175962
2.083826906319446,7.811211765199589,26.29079676310498,79.51104401308076,242.35733359619547
2.0024109307429865,7.747336002690575,26.49282974757187,77.25357890892003,239.9820604996302
1.0401605689338065,7.665617395137822,23.892985709254145,81.197259287505,241.24798489453508
1.947306463393331,6.889007240161995,24.952191073036058,79.82283846783898,240.1116486633813
1.1682355461616065,7.955297554898653,24.769263036128034,81.09493180780078,240.84438620264882
2.170126797772394,7.74164860322561,25.672439705670623,80.55738956928793,240.23414383543243
1.4893117533684403,8.024139209423232,26.507858806047174,78.5736259880247,241.94076968478996
2.249922649578098,7.811913405418339,24.727814050979294,79.55632803459301,241.22874565142
2.108289425413445,7.876112390576119,26.302354838807073,81.22784693270646,242.05661767875063
2.222689210030763,7.508460423407388,23.42077466974385,81.30885905902083,241.25122357679268
2.129166934279318,8.241869996831477,25.522584027453618,80.91947356394721,241.41258670909585
0.9877495059511988,7.551258254946987,25.213935594112368,80.1076570317501,240.74927978580325
2.0675758023419846,7.724500732642981,26.114638030619837,79.30695133269865,239.88738002886177
2.0047444794063707,6.617423217351453,26.648302696408553,78.77230194123904,241.86018148443944
1.1235086324178885,7.81559354298475,26.28696909141906,80.89340521740442,241.01224972433778
1.9964690165881047,7.785383190894555,25.79688940242378,80.54594358148907,242.05065889124623
0.7279460042440975,8.137302913097622,26.377176460460923,81.7111000844823,241.1042542525019
1.614518918759415,7.815553368185609,24.146265782734766,81.14639228974546,240.5925449854777
0.4320869797624732,8.031303430474283,25.82010992360909,81.19110619718478,241.56359162778878
1.733547702849415,8.249273513646255,26.4352690259299,79.85784574527327,241.89312336974345
2.30301906042609,7.321269089057208,25.367893744684334,80.10749439901899,240.61811414694012
1.6974796382708703,7.773373049215913,26.166066589611948,81.24069498320615,240.4902242843674
2.3029757917523264,7.827593285446068,26.11821883745281,80.22606282813297,239.5288630706884
0.9418426227711072,8.266793598594194,26.266570197487404,81.18949327782543,241.55191006457727
1.900318905728224,6.960611647157273,26.183754938781824,80.58621551410157,241.899776119468
1.340826974538694,6.65110112192885,26.423818648942472,81.0523726704624,240.93657967251502
1.332750621862391,6.704161660470551,22.6276940659857,78.4113453768781,239.60172736669423
1.8887047568560158,5.61653479629187,26.446527137727507,80.38244763812423,241.60249958118422
2.1089514248495336,7.207783338210864,26.134375341494902,80.60705884984303,240.96056578389812
1.9895150676365896,7.838561545889299,25.07728875831049,79.94599183964503,241.09971283951634
1.0626961452767159,7.7433568535921005,25.31940085928353,80.56533007379176,240.61194316804395
1.6811168961375498,7.896363837789736,26.003382506459836,81.17568125024609,240.72795893420837
1.37035137484771,7.527207144059748,25.712743851050767,80.88449343759495,240.44370390257322
2.102842044011651,7.438094066573434,26.424475276132757,80.62402331524554,239.5301305373225
1.8564416647196649,7.574044643100226,25.068954699160233,74.35081927514403,241.34378913729745
0.9043299476835915,8.234271001105242,26.38173823546246,80.50405794985058,241.23546783769885
2.11798073166458,6.838563079788293,25.90407012826203,81.4201198526366,241.86483379995894
1.433699690011465,7.218256157852532,26.226530000336687,81.0020172905411,240.76346428313101
1.3125515434091626,7.524067565070295,26.307019781204676,81.62100915026369,238.1705381364829
1.6295112922925017,7.356501018868838,26.004985411753864,81.03921566292932,241.33283950939241
1.0741509633367412,8.1596851270196,26.626819843252417,80.35838013783322,241.94241386068475
2.0196178867692276,7.3897760559374355,24.10918067507272,81.62585360634779,241.51772573327418
1.9654270915472605,8.103763279264134,26.226427637272096,80.40581256884761,240.19945947932658
2.1467373237651652,6.940442526220728,25.161198008806778,80.77877841720988,240.43601338703738
1.8853006688090128,7.949353432419854,22.879059955646166,80.08544498659884,240.28422017770245
2.1414912629021527,7.8633294682196695,25.9827805667166,80.49614766581661,239.78952334124497
0.5167500952207268,7.936668682877626,26.520061746462734,80.41111207373599,239.25625639030343
2.0200036581615683,8.173539975725948,24.485297251719384,77.95658674733961,241.1030349097312
1.7109417003875056,7.130727797385355,26.732484689571596,78.47675314330812,242.48958178623306
1.0638482882067686,5.958455395035806,25.62101761656029,80.67106281616887,239.8489846618239
1.759288625413385,6.94346037595106,25.657652777561896,81.7035140215363,239.96329336358684
1.99025803570381,7.798479423734581,26.577719345110594,81.1011347504528,239.97348770871622
1.696406622579093,7.58901259119686,25.86545058739926,81.60261123582026,241.76656674046578
2.199713769164523,7.9875004849075815,26.770855602275713,80.69237506659123,242.44916625927047
1.2178260602025377,5.354963721065883,25.974187512038945,81.00229298884611,242.1458243030583
2.219950764912794,5.846213177393807,25.614861954623265,81.45571564160944,241.15001472973887
1.984731478618681,8.084626314147734,24.318447119114637,79.66418286824536,240.20367418192674
1.7963616754870502,7.96859817082024,26.178882627776265,81.31157540989693,238.7830016736002
2.0409621150394037,6.373021285898429,26.054807581894984,79.97732866465502,240.4790189146027
0.9758715951825362,7.85451107733022,26.662349743247653,80.27138516610049,241.86004934483077
2.3091200856262453,7.226341694488428,24.49085850357395,80.35587675317306,240.5798077253846
1.9301072468591791,7.898815674957021,26.37605425776043,80.08025714803911,242.47890077031252
1.829136282764275,7.388271837476194,26.66980347762327,82.02391442509958,242.16637482833133
1.4626254548764202,8.01888495527379,25.947602938848487,80.3264774104506,240.95573611344045
2.0318676327259944,6.322029415828258,25.1695025086247,81.30598186151407,240.0652196057333
1.3151168860842675,7.300997311019118,23.66314998712144,80.4176307739965,242.4487506381016
2.084795839113978,7.363749360424483,26.493917702999326,80.4396533705142,241.3924315370092
1.936691894816646,5.929054133318487,25.492262514710827,80.04034415960749,240.21907412990933
1.2494471086859067,7.708359352726006,26.852141432305235,80.36823835100438,241.201931982075
2.0597455951757686,7.833583313893776,23.172115092956325,81.69012783033182,239.6368338484016
0.27785023292971284,7.6596538007621575,25.834292210199184,78.3086883215735,241.33278211353897
1.9832712836653548,7.357790362407476,26.36478463438103,79.59442283804964,241.70206291817425
2.2228730356424737,7.399071995126474,25.11558941984958,80.25873535793205,241.81955919804957
1.598733409168024,5.7651846008636385,24.762206154787737,81.6989465328084,241.0647914115258
0.5762580230558492,6.433547987505758,25.582857020086404,81.22331424502462,240.57897639466125
1.57132376294091,8.204574184222349,25.65338134901748,81.58416991575541,241.2858495284342
0.7703577015653423,7.2950526582703406,26.88282720324755,81.42880796309338,241.45475674750222
1.267703117792252,8.130592878108565,25.575461708040738,79.82043572630003,239.9605268582396
1.5806478545689921,5.754300020921885,25.34251574530805,80.77374713252355,242.68616548468705
1.9443051952813715,7.050480272785361,25.19686427036333,78.90849379068936,241.06363818342862
0.304565031876637,7.276944407727554,26.24291968556887,81.5977251695117,239.2916331649222
1.5716495701515563,7.886415097873216,25.457376681742925,79.83035313119898,242.2642020243571
0.49223673417990405,7.988845276913994,25.644962451269407,78.78056922509401,241.97512739780638
2.26285395686658,7.396539181299864,24.738219979256733,81.64999625395448,240.94781876961463
1.4181210656981067,7.788248787311708,25.89717928370502,80.54827689514828,238.6538445818734
0.4593212884189149,7.993866872812946,25.79830442906585,80.28707907536688,241.78799886164703
1.8047646474754409,6.891481272044076,23.80836736858246,81.0112719731083,240.15619084382627
1.8846594265813987,7.433156954828655,23.89958689121406,80.22345315118669,242.22512040740344
2.3067160922666905,7.201269210036722,22.497913163817785,80.70452435922589,240.9373415626578
0.6649310857111376,6.918916868583686,25.438501713394455,81.12905741656223,240.87817586238208
1.418262483655538,8.319496753102184,25.63938340700529,80.29624264685799,241.11497424849554
1.5741677331565915,5.5533187382903915,26.13777829792107,80.85792815160589,240.7615775051676
2.283041562743307,5.960473708686005,23.7673270720194,80.66414747697483,240.29786995527394
2.1259164260666297,7.413848824366499,26.294672203478555,79.86456610431864,241.64544735566182
1.840755509819371,7.314218302689767,26.132323077783095,80.81186250938767,242.44272155566384
0.38631335929290916,6.412898961993321,23.29218616157691,80.36082399564258,240.49212988783884
2.0531904547167614,7.878640499489675,24.601824251687383,82.09771777414605,241.57707964489504
1.9026754765056417,7.832304451770315,26.293051894887075,80.58910478293565,240.94087878796933
2.1176836542635282,7.18700109421769,26.041818330043473,81.35552474209045,241.39157107744447
1.8302576837153015,5.830289599449882,24.80308349519224,81.41993301288949,240.90026623563952
0.49824663138097725,7.632428078603616,25.329373736234555,80.13193103365825,239.5687082421057
1.5304534057966608,7.2924984604515295,26.544062342359062,79.70697254118993,241.73047341948404
2.18106362349195,7.342562920032792,24.822584033836762,80.74867689816132,239.19309081390557
1.9161361158565413,7.254253180315576,25.963563628197573,80.1412315664947,241.83714634833186
2.0689481366506794,7.614182435461726,24.76237818917056,80.03673969454788,241.4730962485469
0.6877104487662679,7.469933536872907,24.731238372978243,80.31189129360155,239.70585950300878
1.999459832989103,6.351382983148333,25.286614268692873,80.41676821351476,241.18724312859152
2.106137501293929,6.352132694695361,25.088720112496407,80.73132409683798,241.98581383286998
1.6940363155390503,7.245825051864776,25.864510082597313,80.79614081900145,240.68763987654708
1.32257441048983,6.3973891550022834,26.394774644031127,80.79024176117552,243.03392129603222
1.071042748286949,7.13574778125924,25.15718217414739,80.37917918096474,240.4423543459186
2.2997151574337695,8.019373240499595,26.76779658563334,80.57296684851882,241.28966736037256
2.143537586678263,6.735646114381026,26.129127941647408,79.72415321044014,241.7328262623764
2.0243014416956675,5.764521498638805,26.154544090127587,80.28943768905143,241.09503159011655
1.273913754214025,8.135691832193341,25.496391480837367,81.03854738178686,240.88998819705284
1.2780027009127022,5.407739123763885,26.06378622605439,81.57243576131235,241.35630290620094
0.7267893270450497,6.985329485139797,23.846147544896922,81.85157368120348,241.43170162454467
2.204626981467314,6.6969181776867535,26.776045814590287,81.26465296349741,241.40342863757792
1.6360810654572522,8.345489705840249,25.68645798633294,81.06769003951922,240.69385037504782
1.6103484092843836,8.074912478522698,25.636152770538107,80.92144491537168,239.71413468852944
2.0555703404668275,7.922947477473055,25.00924369006324,81.13733527335852,241.72905779120617
1.7694786247323535,7.009108587358842,25.282365510110857,80.69902840557215,241.39757462688928
1.5092076000839352,7.306989707465027,25.648950952634156,80.60126054602442,240.97060984113574
1.8361062420497662,6.997119424955056,23.371046270819406,79.80326281433693,240.77339080652834
2.187193696780779,7.745095473311905,25.606906440218882,80.53693833482264,241.0338210930878
1.7426995953755398,6.9882768132889455,26.051927432209094,80.87000476136703,242.35512943836886
1.5396861567621862,5.660775522464351,24.788600080315444,80.25785790285114,241.76053697933014
2.1924132706083457,8.012316748216941,26.261594303907493,81.34472501179944,241.39484268375267
2.1936941544409794,7.663101171240382,24.525701002628335,79.77482051161408,241.85278721474614
1.8381254459074898,7.027632530176551,26.179887334307914,80.01889235382383,240.44762509387363
2.2165660346521965,7.9454718827348785,26.178145196102896,81.16431211133384,241.4163237120749
2.0401257337925043,7.759111514311494,25.88085365629,80.94463484417093,240.56421487381434
2.0611034538153166,6.728971223274803,25.877844452239504,80.00951505113409,241.56137842354704
1.4872570122290776,7.524357209510339,25.523707535384464,80.19287657550353,241.17592940736526
1.5739895774048154,7.969657778146995,24.369088878920724,80.55504079612957,241.62202342317704
2.301912855660415,5.821399235120935,25.706370307315453,81.88184975269941,241.72813030635706
1.993973533296756,7.192541176973808,25.382082553818073,81.9337783243078,240.42140008279046
2.0439967300930006,7.549984981425303,23.877333034424577,79.97096223415818,242.56489780684547
2.225125521763084,7.54747779388217,26.487647106962303,78.9901870360261,242.11444357617847
1.8136295855962992,7.618541537191132,23.8445641555429,78.306227755595,241.70899602289904
2.0384316662247897,8.013504562402717,26.122389419783975,79.82522098980762,241.13402650697347
2.1363871920355257,8.142985109760007,24.047638728979393,79.89348313966818,241.0592937208998
2.0041212063555136,7.866317973480256,25.497902063444844,80.98314508609738,240.2984406775143
2.1367519383248132,6.142152097150493,25.64429454375888,79.2583678536219,242.47375094699373
1.024420297318662,7.404578937075579,26.09243500368382,80.22913581109577,241.269131207619
1.9718136556080488,7.688025974007539,25.69708701578908,80.57765152114489,240.89383561940096
2.0699588960830333,7.526309165850087,24.891665868854577,80.96854769988911,240.5143420709587
2.0478494141713663,7.823621841798098,25.377343618329224,80.49426525819611,241.02285126305333
1.428219665977375,7.794052462095598,23.67735209587861,79.47769471699446,239.85793816693194
1.18165779340018,7.479169304373475,25.425339948262728,79.8203277246805,240.61346549208255
1.2245771164837111,6.652225259823148,21.917080941020206,81.306005033896,239.37563505273084
2.143153842526604,6.714060524909192,25.231326905432127,80.85787044950284,241.70821412368605
1.9717655194258474,6.627692784353052,26.097477790296924,80.26480336591578,241.08463673159608
1.4926349928213727,7.384532023758169,25.62385043287117,80.74234303511003,242.2523890906601
2.018426570868257,8.227529618886226,24.584602672387017,80.75358712823184,239.09002591704447
2.173349806533514,7.367795044923503,24.77930754138484,81.03471867411065,242.11114856677176
1.9653630363690047,8.129031145639306,25.71268483498051,79.59658790164893,240.87346957505585
1.135154205573216,8.022322552979773,24.98762608133719,80.01941609518263,240.63194452099836
2.2436918384777917,7.987610844233595,25.295555978761545,80.16658414011351,239.77463006396306
1.4479906164792844,7.070210698755518,25.701867890070066,79.92775771301272,239.93496582844764
1.9392102595902503,8.311402158006548,26.157378691647274,80.58140609446855,240.74647565120853
1.9821015786677145,7.932374933359773,26.099421303383664,81.45581795082994,241.14894576224324
1.7476118524823938,6.59274885687371,25.934803919404256,80.89864361610822,241.47908742627897
2.05834227410834,7.969681122730637,25.157687669752438,81.31329884012993,239.98939295216084
1.2723783291089026,6.455566542755142,26.43812761921207,80.84475726265009,241.31668228575495
1.9601968978981041,7.965028714112262,26.17950827230024,80.05691921336948,241.44423324760217
2.0505233883296885,7.991220769953426,26.40820767035981,81.29866144524844,241.16034419504922
1.6582104649331504,7.990552307100681,25.70566720676184,77.1579998006665,239.51410772726257
2.232946334070748,7.928032791678295,24.669006152447523,79.59355195151697,242.47796921811684
1.2181473088499721,7.625450167389189,24.651453051295334,80.3971694624443,239.04896668559456
1.9939914325300863,7.9530857218873265,25.889870644373246,76.9956990579045,240.8670001668373
1.849132784420526,8.158404563841382,25.845848886910247,80.6120910321165,242.09349368500844
1.7063822053712754,7.253851677373784,26.083264861828336,80.71758242118383,241.29929209621736
1.6187165776586783,7.258856022529081,26.245379679329417,79.18200489160748,240.82699505559543
2.125944120437791,6.869804331517925,25.306416732381074,80.66948615266827,241.04772778864972
2.2054193018693624,6.718954774859724,26.278873455112386,79.34432815097276,240.27916712991015
2.2355551979242385,7.545339572427141,25.658520834859093,79.011478037535,240.52606360680417
1.291542868243364,6.985974897391794,26.76155636484317,80.96176473722615,241.80807665351344
0.596635158542547,7.452063851734858,25.731938974642027,80.72968272643699,242.3013528454938
1.5614595144032042,7.611251525456076,25.42943532416068,80.19037780302459,241.11034568457308
1.1215568137387821,7.774310620578587,25.809009242070264,80.80397238481167,240.11778378151539
2.2205135458489047,7.473566060477515,24.66339296602233,81.14552307583772,241.96858440774577
1.6397088528695745,7.359406654050613,25.50436940322292,81.06666412725352,241.08979963908342
2.0334168964948027,8.226002974085661,25.97151014677327,80.30703096269418,239.92089386268955
2.1400323627048925,6.19113604518975,25.068239631907673,81.72320908423565,241.27954946189436
1.8209086033315895,5.111108324014407,26.214280980455854,80.47013654482062,240.9086732975896
1.607752935669138,6.283517196450338,25.33789157510315,80.6947708825017,240.39229540208242
1.2752641403312233,7.747042209829241,26.253364157826287,79.41695998542882,242.03142338700022
1.1777323501557846,6.684774547854465,25.770582272013808,78.84222221687827,242.54381134921024
0.7627730763788763,6.595719750034637,26.066721315185703,79.71581488049432,241.40714101544083
1.315559236162883,7.187287067838855,25.59563378286049,81.20054470301501,241.7302753892711
1.3922407953954563,6.839569299090747,24.927214032004603,81.35465435623986,241.10420052156763
0.45818692114178805,6.573409098313776,26.463622725917677,81.07565537371596,241.69883726363634
1.9783122853924744,8.241051931417575,26.509378509136692,79.52750818850132,240.6783234853393
2.177221838650704,8.00447869683484,25.98343559646592,81.72694753180261,240.608995020146
1.7883369654726378,7.276720348229029,26.166756460604095,80.46777952037742,240.76049375180594
1.7537346870113415,6.074493730184047,26.472680315639877,79.68911197394155,241.29833151625806
0.692949839480538,7.567149246717066,25.814933335785938,80.36369888039997,240.17721149828245
2.2633014753084653,8.145203845272441,25.248953241621344,78.47233682840957,242.0453928670407
2.0998511670264524,7.74138282813456,23.953407639709454,79.4034780388115,240.54859933254832
2.060944546501386,7.585165836977138,26.123706923260674,80.63674284322381,238.10599184383685
2.2350485518607286,7.156240529683099,26.510560294750395,80.61057817418536,240.9442333564593
2.149966677997393,8.061123086848509,25.854389611275035,80.92182908520277,241.18096577320577
1.9636436867714022,8.290385439502842,24.15386710108185,81.38799038798759,240.7069159274803
2.1965944594732516,7.364077318093301,26.01548610716207,79.9091081625466,240.50532286003707
1.3511293819446606,7.811063969488105,25.69462844075362,81.64966064818364,240.1458616021752
2.1228182413672148,7.907563897129633,25.596340657623788,80.00199685571812,242.28936344037533
1.7457312645683178,8.083102815838192,25.174530965883463,80.87053754306523,239.449665819364
0.9013592205273017,6.922126281620816,25.10424943772556,79.68198406151132,242.41443432402696
1.936591722632627,7.199716538281512,26.209848933783814,80.12396969132206,242.41166396404074
1.9844956520384873,8.161138586844734,25.492792427244428,80.1552332146621,239.74446610940885
0.6307871849288127,8.301183958535104,26.132476193914265,77.60404274254104,239.60134260655664
1.2411582502533052,7.195090553531304,26.507458099880118,80.2395557889201,240.4334556451716
0.5993426472775119,7.945900145548153,25.555521305855986,80.81660958773362,240.4772157899045
2.2111881213413866,7.592440607657345,26.292758427474457,80.54715188391526,241.50778617159065
2.146583411455678,7.627986881266587,23.722795110024165,79.69846874882168,240.53016215586055
0.17590572251694547,7.680288020243717,23.452211100121147,81.04727880636645,240.85857918117543
2.030307206734933,7.3340041324328284,26.255845048403938,80.85568881517901,240.0323117844537
1.9854466495637404,8.198013305247754,25.92549991288842,80.45235486666321,241.10043640071504
2.002046972952107,6.508918682590692,26.039377676336827,81.30443088950692,241.2799233846472
1.496946396500017,7.1737857936492295,25.789723526408444,79.63544054084045,242.2670932106437
1.7888013873285393,7.422063383560118,25.157220039164635,81.22692264088477,240.8033250582546
1.8852695582377907,8.02736402936788,26.60447164817511,80.36790737112872,240.7903057440979
2.032367625965699,7.764094026793107,26.56490798050087,81.3054386907776,239.53760300452342
1.9186000946286055,8.15164683464747,25.378165098040164,79.97091565591448,241.27967659677864
1.981308750580192,5.18985124098594,25.233593906318024,80.65506539406567,239.2560048066564
2.0345712601019863,7.307444051949619,25.753521495390565,81.51620123421208,241.43197823296038
2.112115615354125,6.806434087733028,25.566789922986622,79.14921958639464,240.71241539279123
1.2872725630451265,7.673449438054711,26.295348239967627,81.32364329473809,241.96988229147576
1.570182609510564,7.882439913444371,25.478148859121543,81.2529097807867,240.1985573740796
0.8696068250814074,7.591872717297122,26.350565979282692,79.35524723779935,241.82162486311725
1.4382709726534721,7.0524029184157,26.1292110914216,79.70241441274185,240.59593871480067
1.975214455598008,7.273156477304847,25.816794670139195,81.86590032143936,240.48040656523693
2.003040770044296,7.518745833993016,26.653785503131825,78.35304502803545,239.91464809393528
1.8843831414209615,7.314961801631284,26.33344081192545,80.47416582429523,240.85851634528336
2.024484388710682,6.286131039746991,26.598793041598025,80.84867108128199,241.16018721428173
1.9290942144129632,7.961601179512689,26.35390188090867,80.8527299308214,240.7016497313569
1.6707309476399534,7.539785370754023,25.3446541274531,80.47093469300047,238.98865522799514
1.5982707442808979,7.355356194411412,26.565158021088205,80.510174140228,241.7176590981389
1.9664327864595905,8.086609182079778,25.85012882651414,80.68626591545045,241.83596994941936
0.9322701072737832,7.507805774796966,25.878318548552617,79.52655469398591,241.9420212129546
0.7455191108656076,7.343040344077939,24.676100781061702,81.17006339065401,242.13002838649953
2.083207875690899,7.84821405243182,24.528431507589723,78.1109439494153,242.75262021688545
1.694173448253155,8.133384413684103,25.90197173438391,80.15142558922604,240.96444504130721
2.138706910516873,6.894027439786827,24.44604669119925,80.45159316451269,241.6544596469155
2.2836617145515845,7.465044105799578,26.59491150978673,80.4907865398176,238.82727895006772
1.3603887242645791,7.797878573200826,26.144855445162445,79.97994486922241,242.01518731150648
1.9593691495635919,7.917245331305793,25.109063683817197,78.4141743109494,242.3423581982111
1.7054429558104969,7.792024601266065,24.41038679022592,80.8116915570575,241.51743496835905
1.9879363522776985,5.674074063870117,25.104521163393173,80.22589730227824,241.3698541153869
0.9291418584461322,7.7162582801246264,25.798345187986317,81.02459875400369,240.79364268832407
1.4473357800482878,7.666990794290562,26.375664273998076,80.26572480645781,241.22778557179097
2.2793508045549276,8.214187660227967,27.080291483472443,80.37974859848075,241.19365213563265
1.8194510639108976,7.640451093448411,25.91204153298643,78.94391930709351,240.85549719485786
1.476484103643822,6.884643797624638,26.480475009620143,81.6576428737416,240.17908675800047
1.6497773836857226,6.201203496913376,25.246732376375647,81.7065331429079,239.96631448933664
2.1544085877497747,7.979207040559096,25.37132288444212,80.96061304037677,242.47697924811172
1.2599221451267248,7.934971064082294,25.333225830857693,81.49651113532819,242.54396351816737
1.992117975060568,7.729817230914708,24.26212085656726,80.5760589258992,241.68969745932134
1.8801797284529898,7.66798095280157,25.611931745384645,79.3298457231225,241.67350752955963
1.7154751076743915,7.568486202279814,25.944946244283702,76.01139072100136,241.3676521318332
1.0685256086177541,5.591988660341967,25.418353823741846,81.6377708179724,241.650113769888
1.8385261619422562,7.6218925227021685,26.04257335700554,81.13478799037537,238.6689102889656
0.7910001758418677,7.590769603570321,25.218040341536692,80.26677185867283,242.49111983766562
2.008386811281451,7.392317815736577,25.83236386416645,81.7043771419332,241.47314641140053
2.024511157561819,7.449769000139223,25.690848293142572,81.59020417286497,241.14128958578743
2.0541713267383717,8.084717165586593,24.96818295647838,80.48669371063555,240.32187939323498
1.9480078645593801,8.076713812683375,25.766155270252252,81.06003283046226,240.73677315785196
2.1345688964694847,6.198159412535061,26.634488349474882,81.42434946027355,240.8053836850867
1.8515429270266495,7.5722114348666825,25.540632410778404,80.53526942171905,239.97918695213897
1.9186921732378932,7.848598463994443,25.141371420249435,79.47271599446053,241.29193286119164
1.8046943425236295,8.098704625431983,25.79500386572045,80.8603946539809,240.33868520110596
1.852830384668803,7.624897647173029,26.46052162152848,80.23094079237862,241.77405674283963
1.4625870471285223,7.6661324688831645,24.126740071094165,80.35923365912377,238.2797101238655
0.9619427043162666,7.372579476796732,25.438759626737973,80.027976230548,239.52635498086977
1.983186990525916,7.955825221187833,25.389575239107245,80.32513091673016,240.83412028277544
1.6393238167168809,7.389823624678103,26.20975666618794,81.25902208783212,240.94868254254752
1.0356166292295845,6.254401760115913,25.963377107904456,80.69497815129404,242.31963364304366
2.079680097344187,8.1442317761738,26.562853533139776,80.97777491221487,241.06044957254437
2.056877745979392,7.594337969436479,25.016623813352073,81.15965649167418,241.09360986017293
0.9150707120823556,7.9314349800180635,25.453197702265403,79.90558989100211,240.4771654293311
1.5917867667196506,8.400240661033804,25.233667901153535,79.38064546919588,240.83714787157993
2.0671958874909073,7.346015376312552,25.092042753834626,80.29740217109908,240.8939043646135
0.4244333104170239,8.385962945567993,25.714366091510954,81.76303272996938,241.40427196126396
1.7979936936033574,7.9344190583703265,26.345510710912702,80.74505938903526,241.67032126211896
2.051871756685916,8.093573805647734,25.522124268594936,79.74881815920224,241.6071160946791
1.3817656645408594,7.3508433545469485,26.530277644618113,80.70965703771444,242.00814738376693
0.832440415862611,7.583367582583411,24.746375681236604,79.20679668490193,240.33535433367865
1.9366410976607338,7.772990632535301,25.578472123576937,81.02974911169721,241.39087564508634
1.7138055437060504,7.980735365414057,25.344325958667177,80.75370700847108,240.65841145447578
1.070163907554266,7.814269035256401,25.17775872839351,81.3297623972416,240.59227952406718
1.5993380931437127,7.27273684125418,25.889617221678602,81.65744629240677,241.5324542713754
2.119446528062834,8.016437989831703,26.126707782555272,81.7689450571978,239.08194284339103
2.080645276153648,7.83948737541776,25.203928916248582,78.4871113348915,239.76131249007676
2.151579991821759,7.301713317893539,25.39604082494414,79.26306255463462,241.49860481390635
2.193078721926226,6.3965928960454495,25.821060241537687,78.68350335996301,240.61211394818815
1.7162637018165097,7.095699558505673,25.982692880094103,81.5096912709887,241.29536702679698
0.5502020942005789,7.821771882674299,26.46131677583665,81.36939047831042,240.6485807741111
2.276795741181345,6.630759254334741,25.98874109285557,80.34536047364699,241.9010134592278
0.722623514304344,8.01230345607246,26.307529654447794,80.82214948130549,238.97252511486147
2.2938528659475557,8.008928301274075,24.695734501018112,79.12950529327469,240.50463238483024
2.19740556350776,8.379914218975912,26.041744588771465,81.59923139252383,241.7359625138255
1.9072837787462213,7.554233782436276,25.856437252913047,80.22585554474627,241.61192501408325
2.0779967032295525,7.578436022832548,26.194490754868543,80.35646307113255,240.57657120343282
2.057826653735899,8.061427902075485,25.817161935543368,80.88947158550559,240.79461655395272
0.16432214507618817,6.4685139864961965,26.158128711788265,80.80612918532803,241.55415921530732
0.9120420135336558,7.692534374326899,26.027105490725496,81.74844625670038,241.3225603754178
1.4311187613303091,5.0678686367266295,26.10525129869065,81.31592401095443,241.00902293467786
1.220878349717246,6.571610535867042,24.970806217976044,80.07463637135429,242.73526324598308
1.4470355804597004,7.724247622421137,26.369769187767133,80.7049237789258,241.6470228333997
1.9841476840285257,8.042724204618407,26.03484077266127,79.88587223989799,241.7613219328276
1.9324301631267746,7.454865654775764,26.42867413453118,80.06693932332199,241.67423615739827
1.621382478555977,7.489656618855624,25.51674881512388,80.860228447838,240.69322611201025
2.146908860390524,5.743180221267224,25.569184639021962,80.15378354633647,241.5998062855934
2.2039404683018455,6.222282933648294,25.842960334573817,79.1666734612387,241.54526598725315
2.109726198368943,7.6663384809479265,24.55653770484115,80.37678949395374,241.3477966616546
2.308079700416466,7.591611030943737,26.219313772737067,79.6095461418053,240.9333213775536
1.6945067981547979,7.294066451976848,25.347058306307137,80.49762139756534,240.92899043153398
1.9670493691636388,7.07527164313982,24.942164356276912,81.22684371603535,240.45235113311645
1.4842305592119263,8.020395338822002,25.410534006161203,79.52510419276445,241.455099429476
0.8846618521756879,7.7671045054419645,24.819638799937692,81.53235071462905,241.07604451804244
0.9640225732450508,8.222307057396508,26.580091091311218,81.2771573978646,241.478150462362
0.6270381541553766,7.614058028631043,25.204211565768272,79.04601780445229,242.24413607991568
1.4182091428292105,7.985355404914769,25.300950747276936,80.4586288138318,241.35331822500748
2.131388004729826,7.9733648923112534,25.761061781998155,80.37144746716562,239.9835782628884
1.886371102726355,7.59686591467235,26.275251572487367,79.06057018142141,240.00368154853308
2.176817096563403,7.842296387281674,25.28255794696262,80.87185230229917,239.5138004839062
1.65302124475512,8.19392932338764,24.942055261215682,79.70137029674981,240.04739395371067
0.4708949172086397,7.59500590119056,25.808349548650003,80.62786631640354,237.24418647701657
0.43567403404161914,8.116465160545921,25.939227486629758,81.67798851030396,241.29878872814666
2.0938807803788135,7.956257535169726,24.785852329496514,81.38384640319455,239.94045169381207
1.4640434612256576,7.635956813189813,26.149668347498213,80.51732529733809,242.2469147310576
1.0289585406160748,6.753004740576433,25.70702219823018,79.90261264917841,241.23971136195792
1.8754099494219931,8.050436479612923,26.20530512435019,81.83892883949626,241.2002623472388
0.28236448154752813,7.625025115874444,25.097967978634284,80.65498434010622,241.73394620223684
2.0623987015362073,7.400365997335534,24.732086738144485,80.86059434767463,240.65864733987883
1.239122163303895,7.155897500683784,25.627808185684376,81.13063641443446,240.2640456067604
2.2750557985567745,8.088371023488408,26.51916536742881,79.94569899460689,240.90284392660823
1.8250172815612056,7.765082747000827,25.34332166127592,81.31156116317295,240.65554697543348
1.8242097568647044,6.62619978447586,23.78399990764267,81.51506457300994,241.37584096647146
0.8457324322697544,6.9627308121852325,25.666682652183567,80.84304544102922,241.7923212691756
1.659462999482413,7.3633782664963086,26.36381772807984,80.29093252321303,240.2498978808319
1.9925242114955108,6.990367981842561,25.672955189895838,80.48434247606846,239.1412140259215
1.790809682392419,8.067810387977051,26.555365933701985,81.46253534658206,241.93495553484968
2.076448286168047,6.700625018959527,24.767188625529965,80.79998858258992,241.13360072665537
2.1631051954403246,7.649093976895042,25.285670957944404,80.44967515169367,241.37098088268863
2.1765670822318257,6.8518890143548665,25.81219541078933,79.34137484542117,240.0778869169826
2.0270979229084323,8.120926103556233,25.863246359718737,80.34422442442413,242.17323263641677
0.6695795470047193,7.372072508985442,26.845713573638758,81.27700710381637,241.14650170910278
2.3022684273126837,7.68186398530544,25.455546294726926,78.72078240757507,241.16262359188116
2.1920327758496327,6.168478436024462,26.998057050824293,77.32756310501198,241.7414955198953
2.0159615359661527,8.204395959721186,24.03034587092926,80.15506160673753,241.06920531253758
1.9314348113995397,8.07787654506949,24.486686422425898,80.29640004117388,241.32263927425677
1.6682358487218212,8.213001367854108,24.97409407839441,79.8812711200552,241.91336895801726
1.5434612553710603,6.255845457752409,24.628230905435903,76.93914956918465,239.9199288188808
1.699848647267888,8.044650780693521,25.36547127412086,80.49535564449339,241.69423000121247
2.1385167071513393,7.11539828555737,25.5719871886064,79.8600483802095,240.3814768358468
1.9947541274400336,7.794437988763733,25.439323910623944,81.50075090976176,241.26997386917958
0.833544014134076,7.796071879687068,25.134735529838007,80.14719119054367,241.21179753050285
2.230062937948532,7.592338027375259,26.116631957114397,80.21357893243193,240.74136274674422
1.715219406056984,7.266302359595464,26.07534824724486,80.84150616643718,241.84201055913
2.2875741385004766,5.967801048545782,25.935553123049747,80.17969010436036,241.23303964176708
0.7588230739751903,7.490655828682813,22.92902808926834,80.18099459554185,240.40637803332464
1.5723507852047216,8.049913902560103,25.210799330893888,79.17016426872955,240.67651785174465
0.7685268561732133,7.742562277503785,26.046879940784077,77.85165225265715,240.957402835037
1.147244959187768,7.322937043930089,25.647775162762553,79.35419663688519,241.4022046948172
2.138397371447825,8.18691096849243,24.307675632019542,80.04135496549299,240.66075318794705
1.754177380881465,7.691704648672024,24.00271643548006,80.0200582350074,240.87432079702535
1.289512704244655,6.905695605743617,25.076821000171755,79.47082872723804,240.11586388874915
2.217818044317039,7.623125280577673,24.84991543836183,81.41861838357138,240.05582723185455
1.8507208130494452,7.494838561815305,25.929122543719064,79.25082732608196,240.96683461272443
1.9869081017562866,7.721582540685842,26.114471298291658,80.54416121002265,240.8118614784561
2.091450335765709,7.926780086567828,25.85117186688691,81.42177805051062,241.00815863337138
2.020227113154376,6.334535631859407,24.87822838523434,81.94211733907657,241.96371514374331
2.1555043390585213,8.245683359225154,25.96846406707288,80.16038960011626,241.62585894540635
1.2096249604494507,7.958615293057573,26.582744758512998,80.58619619337685,241.47644293437767
1.9611446174890725,7.843703986748469,25.18915380690908,81.16886320946611,241.98997996217284
1.9934306335449583,7.918010995850666,26.58983645228434,78.374138015528,240.95633459576985
0.8357452352273272,8.001443887459528,26.317782625555385,81.02393121700445,241.617015031714
2.245948803580428,6.129704742543435,24.40937274081487,80.12148581984879,241.88826946150516
2.0130180365531283,7.676884641690892,23.673842892849162,79.51225761999008,240.40063382465274
1.7229528233628848,7.379924569473899,26.08641048655642,80.77454689874224,239.20472051690777
2.0484384626987695,7.810916003350704,25.43256581668107,81.4732019777093,241.53715559380353
1.4689370514244557,7.905648263940842,25.558498196894682,80.55835853338141,239.98243466358107
1.2804877484115706,6.116789810753077,25.97646606236687,80.2651235070733,240.37039784009025
2.2596640382283626,7.170021171920208,25.398540121493472,81.9649194957286,237.88655490087132
1.7595653662795054,7.0709829456972155,26.648092484161065,81.35828193173163,240.756204206721
